Feature,Mutual Information Score
floor_area_sqm,0.4459958719437358
score,0.23005213100226296
lease_commence_date,0.22019088790086982
flat_type_3 ROOM,0.1988733488923331
remaining_lease,0.1588578664423732
latitude,0.1333231621663682
longitude,0.11725014986998161
flat_model_New Generation,0.08209828795017637
flat_type_5 ROOM,0.07730323575730269
flat_type_4 ROOM,0.06855004054266267
storey_range_numeric,0.06626015283713249
year,0.06618756989213015
flat_type_EXECUTIVE,0.056711236046487645
flat_type_2 ROOM,0.04138121957567753
flat_model_Premium Apartment,0.02917491564372021
flat_model_Apartment,0.028200025611114565
town_SENGKANG,0.026659602067180543
flat_model_Model A,0.02533368292358107
flat_model_Maisonette,0.023855465512863994
region_North,0.01910703769124611
flat_model_DBSS,0.019011251904473392
region_North-East,0.017363809631356197
street_name_CANTONMENT RD,0.017182834082740017
town_BUKIT MERAH,0.016836359542221846
flat_model_Improved,0.015897373967095785
block_387,0.014900208220484101
town_YISHUN,0.01487520180509394
street_name_PASIR RIS ST 21,0.014641449124377814
town_PUNGGOL,0.014584402466927493
flat_model_Standard,0.014436381826727018
flat_model_Simplified,0.014126233160820068
town_KALLANG/WHAMPOA,0.014042782099151552
street_name_CLEMENTI WEST ST 2,0.013972649862609599
town_PASIR RIS,0.013926619633900517
street_name_BEDOK NTH ST 3,0.013721891375851003
flat_model_Improved-Maisonette,0.013662293794881375
town_QUEENSTOWN,0.013209503318187377
flat_model_Model A2,0.013115564599544216
block_988B,0.013008396955093593
street_name_BANGKIT RD,0.012780434684808162
block_204A,0.012585343513611624
block_879,0.012278559215240792
block_684B,0.012214163150709778
street_name_ANCHORVALE RD,0.012133306953444167
block_986B,0.012054476081735599
street_name_BOON KENG RD,0.012053568148398863
street_name_STIRLING RD,0.011792924405077176
block_486C,0.011718669873573395
block_119,0.011658812529046214
street_name_JLN MEMBINA,0.011527743125453016
block_271,0.011474955463930625
block_665B,0.011456822182552617
block_126B,0.011313005178392954
block_627,0.0112891398296866
block_2,0.011081199145773324
block_3A,0.011060714172820285
block_414A,0.011024777094822413
block_265B,0.011011386832440184
block_314A,0.010948667726992767
block_298A,0.010780592969664271
block_626,0.01068797299395019
block_165A,0.010678247065942337
storey_range_25 TO 27,0.010639570085423378
block_706,0.01063199502757639
block_617B,0.010552143132813274
block_285C,0.010512815651255503
street_name_C'WEALTH DR,0.010422638355310987
street_name_ANG MO KIO ST 52,0.010409578128156127
block_615C,0.010369926289336862
block_663B,0.010316815395291057
block_117A,0.010304327002616853
block_921,0.010198933051208225
street_name_CHAI CHEE RD,0.01011799202343533
block_783D,0.010031882452471219
block_375,0.01001930928704664
street_name_YUAN CHING RD,0.009980731024539446
block_290G,0.009933390185482116
block_637,0.009928829080595891
street_name_HO CHING RD,0.009920817679598626
street_name_SPOTTISWOODE PK RD,0.009868837365538896
street_name_TAMPINES ST 23,0.00984418368583495
block_693A,0.009842771256697747
block_329B,0.009798828557564088
street_name_TAMPINES ST 11,0.009720886903470838
block_939,0.009711174060406558
block_286D,0.009649610328091196
block_174,0.009645378073409594
block_32,0.00964023204269493
block_115C,0.009624280938269836
block_292,0.009577355191522585
block_340A,0.009568937147970802
block_661A,0.009559425720232717
storey_range_28 TO 30,0.009546847802450742
street_name_BEDOK STH AVE 3,0.009542997606330816
block_524,0.00954062741049877
block_294A,0.009523540363193028
block_440,0.009504876280284291
street_name_BEDOK RESERVOIR VIEW,0.00949985549664678
block_79D,0.009360756967456307
block_690C,0.009317706941824433
block_797,0.009301739066499115
block_451B,0.00925752982918815
block_750,0.009246755586235889
block_151,0.009218655261183928
block_57,0.009213330281066412
street_name_BEO CRES,0.009202506020919987
block_802C,0.00919939974079731
block_434,0.0091649789774082
street_name_UPP BOON KENG RD,0.009159948599792633
block_802B,0.009113785658646734
block_173D,0.009106215726035316
block_282,0.009053689403526466
block_290D,0.009022848792606952
block_104C,0.009012596760241687
town_BISHAN,0.009005635262334
block_298,0.008974245939117553
street_name_CHOA CHU KANG NTH 7,0.00896224806512147
street_name_TECK WHYE AVE,0.00895358302524385
block_289C,0.008834831624951578
block_709,0.008755544775665092
block_855,0.008688590105142335
block_73,0.008683448842830677
block_410,0.008573660684761064
block_267,0.008548036088309896
block_147,0.008526111519590707
block_274A,0.008525667699732953
block_320C,0.008513667292720184
street_name_SERANGOON AVE 3,0.00849786455739543
block_886C,0.008437341704558454
block_522A,0.008397637341343467
street_name_TAMPINES ST 33,0.00837687853494451
block_559,0.008370985041434409
block_453B,0.00835708292953008
block_655A,0.008354709001402671
street_name_MARSILING RD,0.008340863099986384
town_TOA PAYOH,0.008338477421287571
block_159,0.008334377720648822
block_554,0.008333627496758034
block_812C,0.008315975290804412
block_10A,0.0083090692186234
block_313A,0.008300449771273088
street_name_C'WEALTH CL,0.008286633061366233
block_686B,0.008286282335095763
street_name_HOUGANG AVE 4,0.008278199676579723
street_name_PUNGGOL WAY,0.008272678235829556
street_name_BT BATOK WEST AVE 6,0.008262164721707599
block_795,0.008241990436246072
block_450G,0.00823923954467376
block_430A,0.008237952638211476
street_name_KIM KEAT AVE,0.008234548505384742
block_319A,0.008174137831936212
block_430C,0.008164689858769059
block_1A,0.008163557338617622
block_593B,0.00815536498177205
street_name_INDUS RD,0.008152094264864296
block_164B,0.008126415980103996
block_478,0.008090914486020617
street_name_BEDOK RESERVOIR RD,0.008074647514644928
block_816,0.008035507361706218
block_312B,0.008023787779533054
block_469C,0.008023109235375525
block_512C,0.008022028762372013
block_256D,0.008014517005402011
region_West,0.008005136886644504
street_name_ANG MO KIO ST 44,0.00799651258893963
block_223,0.007953841111609572
block_336,0.007953033908753682
block_213A,0.007915686860683557
block_878,0.007893369368881187
block_491G,0.00789267535026883
block_632A,0.007881913036243304
street_name_JLN BAHAGIA,0.007877046929887443
block_348,0.007848159132130439
block_188C,0.007843185593571222
block_603C,0.007842066075377518
block_176C,0.007824695385847624
street_name_HOUGANG AVE 7,0.007821543905614847
block_602,0.007813860242175785
block_189C,0.007805139081632939
block_660B,0.007799226025221095
block_751,0.007774592779094869
block_658A,0.007746464094434691
street_name_CANTONMENT CL,0.0077159878454970965
block_803C,0.007714748140041694
block_893,0.007711792154917685
block_776,0.0077068144499625735
block_139A,0.007705773529934401
block_953,0.007688295366958586
block_191,0.007679261211558375
street_name_FERNVALE RD,0.007667709014892887
street_name_TAMPINES ST 86,0.007662538615771153
block_221C,0.007658928216109695
street_name_TAMPINES ST 45,0.007640133990343356
block_551,0.007638874968570519
block_527,0.00761942077923039
block_264C,0.0076013652851885105
block_524B,0.007519426368111759
block_264A,0.007514017669696393
block_519B,0.0075072433260718885
block_926,0.0074912671428390976
block_675C,0.007479815397055445
block_998B,0.007459028828183056
block_443,0.00745608416924215
block_317D,0.0074445378245244775
block_127A,0.007393930231486934
block_404,0.007384264944452434
block_447B,0.007352740383485212
block_327C,0.007344679480422833
block_174D,0.00733956669076119
block_910,0.007330457791225431
street_name_SELEGIE RD,0.007324593058113393
street_name_REDHILL LANE,0.0073126406152901335
block_575,0.007312601337982727
street_name_CLEMENTI AVE 6,0.007277515899487774
block_127,0.007276844965993012
block_138D,0.007267200417738762
block_127D,0.007249909259003928
block_196,0.007218442146124104
block_671,0.007217335772863986
block_265D,0.007213099791201882
block_582,0.0071968468752074966
block_722,0.007186955702610742
block_379,0.007185806575686682
block_290B,0.00717896497674686
block_60,0.007177441635712878
block_502C,0.007175858245589195
street_name_JLN KUKOH,0.00716615886626637
street_name_SERANGOON CTRL,0.007152437948377832
street_name_DAWSON RD,0.0071280227396475215
street_name_PUNGGOL FIELD WALK,0.0071128814089236325
town_CLEMENTI,0.007104481196385626
block_365,0.00710412319448972
block_195A,0.007094934483213855
block_217B,0.0070852488739781005
block_514,0.0070242986924122786
block_210C,0.007023796059745013
street_name_SIN MING AVE,0.007016786703378353
block_482,0.006981490741669871
street_name_TELOK BLANGAH ST 31,0.00696039516051461
block_593A,0.006956574203992094
street_name_SEMBAWANG DR,0.006934801273875912
street_name_BT BATOK EAST AVE 5,0.006897986746579043
block_78,0.006888980243648479
block_622,0.006888463533163858
street_name_CLARENCE LANE,0.006886028428020552
block_782C,0.006884211624772929
block_360C,0.006882502075912678
block_80C,0.006880315524822267
block_656A,0.006877622657797788
street_name_SENGKANG WEST WAY,0.006871316481353418
block_272,0.006843538997365117
street_name_JURONG WEST ST 52,0.006830697030588917
block_780B,0.006814171987305384
street_name_KEAT HONG LINK,0.006810431792778848
block_624A,0.006809234219746996
block_805,0.006802474262734393
block_193,0.0067951674879718205
block_998A,0.006783388838347504
block_350,0.006779711618347228
block_525,0.006773076798474165
block_818,0.006769777955804246
block_157,0.006757214800245048
block_124,0.006751916293074478
block_895,0.006748763964701254
block_101A,0.006746438848527658
block_498M,0.006741738641811601
block_230,0.00671275832121232
block_181A,0.0067100042767378465
block_496G,0.006695925301647643
block_669B,0.006687075980352786
block_506B,0.006680828929300109
block_489C,0.006680701540706213
street_name_JURONG WEST ST 72,0.006664306613265003
block_474,0.006660847117172297
street_name_SENGKANG WEST AVE,0.0066517585288774495
block_376C,0.006649588733877776
block_314C,0.006618083068537395
block_84,0.0066021542661565125
block_692B,0.006544817322402086
street_name_JURONG EAST ST 31,0.006544542352983518
block_856,0.006528416797376035
block_271C,0.00651773487270324
street_name_WHAMPOA WEST,0.006511321969754791
block_212A,0.0065093535905784705
street_name_YISHUN ST 20,0.006499667700323952
town_CHOA CHU KANG,0.006479374883128219
street_name_BT BATOK ST 22,0.006477701883604192
block_544,0.006467850236213435
block_296,0.006459200367751494
block_163A,0.0064450640091053835
block_273,0.006438048142612063
block_550,0.006436918436406369
street_name_BISHAN ST 22,0.006423088215139927
block_550A,0.006413038431165585
region_East,0.0064126681577523215
block_359C,0.0064085619893048396
block_498A,0.006397659375538822
street_name_BUANGKOK LINK,0.00639064511741716
block_896A,0.006370855193616132
block_95,0.006364665800253633
block_522B,0.006363796588140236
block_421,0.006358337930687075
block_416C,0.006350132086136107
block_501,0.006349175627267556
street_name_LOR 2 TOA PAYOH,0.006344328921197739
block_154,0.006328096551003304
block_515C,0.006319765434055213
street_name_WOODLANDS DR 75,0.006313863956521004
town_TAMPINES,0.0063006822243876215
block_990B,0.006296678008942624
block_556,0.006291661843099483
block_170B,0.0062706653907969034
block_441A,0.006260722009935327
block_762,0.00624332134205563
street_name_YUNG KUANG RD,0.0062373924282486115
block_259,0.006230386608879979
block_196D,0.0062053716228704925
street_name_WATERLOO ST,0.006205130472549225
street_name_ADMIRALTY LINK,0.006196208101869161
block_684A,0.006187981997495262
street_name_UPP SERANGOON RD,0.0061847592427277664
street_name_WHAMPOA STH,0.006173725097542659
street_name_WOODLANDS DR 72,0.006169233558716458
block_161,0.006166445702255441
block_455B,0.006159740954824411
block_140B,0.006158667651450456
block_308C,0.006152240250058449
street_name_JURONG EAST ST 24,0.00612242275865138
block_348C,0.006112643175973265
block_748B,0.006104735066366551
block_902,0.006094150981719615
block_69,0.006089552129932452
block_333B,0.006074752732835309
block_612B,0.006073112311966167
street_name_TAMPINES AVE 7,0.006068025962944423
block_172A,0.006063154207517796
block_618C,0.006055916805841166
town_WOODLANDS,0.006055304865085542
block_296E,0.006050174913620365
block_274C,0.005996144491557276
block_319C,0.005993469195373358
block_896C,0.005980225236814185
street_name_JURONG WEST ST 42,0.005970473803916576
block_322D,0.005956497960018181
block_48A,0.005947218635863782
block_371,0.005938615123782798
block_447,0.005934897867398536
block_38C,0.005927896644653652
block_402,0.005927797346988228
street_name_BISHAN ST 13,0.005926035464516088
block_94C,0.00591375708696984
block_104A,0.005908518975549448
street_name_CANBERRA LINK,0.0058919578198479705
block_5,0.0058900489869930794
block_411B,0.005878482022922071
block_341,0.0058750738103983124
block_342B,0.005871350739836911
block_432B,0.005860861817841956
street_name_PUNGGOL WALK,0.00585348725464474
block_116C,0.005832982817337795
block_45,0.005813896185621559
block_218C,0.005810278974796912
street_name_PUNGGOL FIELD,0.005803809962616757
block_690B,0.0057923038816680705
block_479,0.005782914838237563
block_308A,0.00577439218173792
block_207,0.005767478009258475
block_334B,0.005737568414623917
block_290A,0.005728712945703762
block_580,0.0057159909032658
street_name_TAMPINES ST 32,0.005713190231845466
block_489,0.005700503486613107
storey_range_19 TO 21,0.005694635833819239
block_716,0.005677737606561983
block_75C,0.005673476336371275
block_805D,0.005655428227173687
block_24,0.005653634259504825
block_318A,0.0056490161299800334
block_113,0.00562573240182207
block_497D,0.005618835647146048
street_name_SMITH ST,0.005613797021425393
block_461,0.005600050053870653
street_name_GANGSA RD,0.005589779002236783
block_527C,0.005589354381518641
street_name_CHOA CHU KANG CRES,0.005578090770132826
block_192B,0.0055727742882125675
block_842B,0.005570037348276102
street_name_JURONG EAST ST 13,0.005554807064964251
street_name_PUNGGOL PL,0.0055502032415721825
block_693B,0.005547018725044595
block_812B,0.005545275584610598
block_367,0.00554313485996194
street_name_BT BATOK WEST AVE 9,0.005539309237311718
block_573B,0.0055346936721933915
block_92,0.005530191439417909
block_434A,0.005524739480911478
block_548,0.005523879659865338
block_368,0.005521263004800714
street_name_EVERTON PK,0.005506859436306355
block_126C,0.005502621171745048
block_70A,0.00549977576611016
block_455A,0.005496636701094237
block_510B,0.005489615931155933
block_511,0.005483337894456319
block_630,0.005478287760916967
block_191B,0.005473015874469356
block_333A,0.005463547122380952
block_699A,0.005461551723037861
block_120C,0.005459314634488788
block_354A,0.005450041004761541
block_570C,0.005446218031845085
block_264B,0.005443588971161928
street_name_YISHUN ST 11,0.00543258633861643
block_588D,0.005432457557679404
street_name_HOUGANG AVE 10,0.005431346147271698
block_628B,0.005413519136537204
block_297B,0.005411092961484121
block_868A,0.005405500886745074
block_4,0.00540252900354421
block_121A,0.00538683099481263
block_323B,0.0053802135327432055
block_435,0.005367065925879544
block_217C,0.005355303050291749
block_504B,0.005337368841477508
block_475B,0.005330668880559664
block_677,0.005296996514637886
block_79A,0.005293901317590777
block_645,0.00528243045918475
block_473A,0.005274856329956945
block_678A,0.005245866713294189
block_672A,0.005232193171733623
block_117,0.005232168964860451
block_891,0.005223050175867439
block_335,0.005219086183074539
block_470C,0.00521900300260536
street_name_SERANGOON NTH AVE 2,0.005213736462837737
block_978C,0.005174014455567644
block_119C,0.005166209995814741
block_130,0.005162780650753485
block_339B,0.005154239729894483
block_807,0.005127010916100572
block_618D,0.0051253822893619905
block_309D,0.005124373466955046
block_452,0.0051215376482312
street_name_PUNGGOL DR,0.005119317447874305
street_name_JLN DAMAI,0.005114071032693346
block_42,0.005109971829220461
block_262,0.0051099510228693745
block_90B,0.005105592960593208
street_name_WOODLANDS AVE 4,0.005105096837742851
block_748C,0.005101135990035699
block_22,0.005093927266989873
flat_model_Type S2,0.0050757266021592695
street_name_CANBERRA RD,0.0050559304252664194
block_518B,0.005043287792773965
block_636C,0.005035864260799938
block_560,0.005013640092916827
block_632C,0.0050085671948436605
block_289A,0.005004807720911053
block_680A,0.0050010341185604545
block_570,0.005000708343899873
block_412B,0.004996641160650794
block_244,0.00497703291218432
block_350B,0.004973647573320195
block_887B,0.004973028200705221
street_name_WOODLANDS AVE 9,0.004970404699800701
block_860,0.004968354018687782
block_467B,0.004965841587188491
block_418,0.004963871565886624
street_name_CHOA CHU KANG AVE 3,0.004957537182555205
block_501A,0.004953453721289636
block_864A,0.004928465398950976
block_512A,0.004919199248878625
block_507C,0.004913808743566506
block_226C,0.004913325530531365
block_268,0.0049077526003078464
block_746,0.0049052394050237424
block_596C,0.004904807478878226
block_787C,0.004886616492253637
street_name_YISHUN ST 61,0.004875562998783556
block_644,0.004872043808653359
block_296C,0.004868282481949038
block_527A,0.0048554964768048325
block_520B,0.00485455369092902
block_406B,0.004848893742608107
block_205B,0.004836230285730547
block_179,0.004834532501705624
block_664C,0.00483375632587113
block_275,0.004821929019306115
block_638,0.00482040673354267
street_name_YUNG SHENG RD,0.004814360106742743
block_532,0.0048125996555192785
block_585,0.004812558303303183
block_675D,0.00480984675011098
block_590C,0.004803375947374677
block_266B,0.004802330398060439
block_844,0.004799870064785772
block_803,0.0047878472901132785
block_292B,0.0047878376285854785
block_682A,0.004783272308462427
block_149,0.0047711512706427595
block_157B,0.004770569753516085
block_783C,0.004765866054428303
block_2B,0.004752389691446979
block_76,0.00474529898823417
street_name_BALAM RD,0.004745191173993968
street_name_JURONG WEST ST 92,0.004734092277737023
street_name_SERANGOON CTRL DR,0.004727460699865738
block_203E,0.004723591673916561
block_672C,0.0047225117099103375
block_682,0.004709532683359718
block_679,0.004708728195924605
street_name_ANG MO KIO AVE 4,0.004708198723809787
street_name_BT BATOK WEST AVE 4,0.004706939540581878
block_686,0.004706770512063807
block_642D,0.00470143030743686
block_528B,0.004693357434796486
street_name_HAIG RD,0.004690210357559899
block_339,0.004679468597963421
street_name_SHUNFU RD,0.004677779255645387
block_903,0.004667146039268211
street_name_JLN BATU,0.004666694751306766
block_786D,0.004666346007553113
block_65,0.004656083246041387
block_207A,0.004640285047367465
block_2C,0.004636996177893149
street_name_CORPORATION DR,0.004624549781657272
street_name_RACE COURSE RD,0.004623816121349433
block_183A,0.004619300711014462
block_650A,0.004617989416476842
street_name_COMPASSVALE CRES,0.004614911608171068
block_442B,0.004614509003435963
block_206C,0.004606066664599284
block_641,0.004598631220464222
block_354C,0.004590996882340326
block_220,0.004587445963601056
block_416B,0.004579880843474715
block_79E,0.0045661732608603955
block_914,0.004565816906365594
block_852,0.004555287802204155
storey_range_46 TO 48,0.00455098858703562
block_187,0.00454490255707185
street_name_GEYLANG SERAI,0.0045330978175968095
block_197D,0.004532662519654007
block_602C,0.004528638001848773
street_name_TAMPINES ST 24,0.0045136135827064106
block_109B,0.004512771121658599
block_334A,0.004504399664833736
block_288E,0.00449712359475507
street_name_KALLANG BAHRU,0.004490534721394379
block_186D,0.0044821135616393
street_name_YISHUN AVE 7,0.004470574083226042
block_898B,0.004458085931069222
block_211B,0.004452926687955383
street_name_ANG MO KIO AVE 10,0.004452041958851405
block_271B,0.004445412445652108
block_835,0.00444231272109441
block_84B,0.004429527915467801
block_858,0.004415431148465876
block_108A,0.004411108585943069
block_688F,0.004405967731258231
block_318C,0.004400041643161545
street_name_SEMBAWANG VISTA,0.00438817236714284
block_990C,0.0043871070205405704
street_name_SERANGOON NTH AVE 4,0.004385633740416672
block_316C,0.004378522987718458
block_273B,0.004372734326719696
block_477A,0.004367453241173935
block_804,0.0043488663536850325
block_8A,0.004341110757936084
block_492D,0.004332002383928613
block_14A,0.004322797181125937
street_name_BEDOK NTH AVE 3,0.004308541147948208
block_261D,0.004307791498900038
block_272B,0.0043040631027437826
storey_range_13 TO 15,0.004299419767040735
street_name_YUNG HO RD,0.004297845759076102
street_name_JLN TECK WHYE,0.004291612801812894
block_209A,0.004284748808392136
block_414,0.004279646771704115
block_737,0.004278718087310507
block_449,0.004272529058631402
block_547A,0.004271472985917013
block_648C,0.004270746125253799
block_168C,0.004270348742648089
block_412A,0.0042579254231212005
block_589D,0.004257773089552552
block_257C,0.0042502390113721145
block_79C,0.0042502244401787515
block_786E,0.004248182084885199
block_373,0.004233950988469015
block_720,0.004233596958363339
block_288,0.00423298483085266
block_962,0.004229649170759631
block_106C,0.004228982273456472
block_546B,0.004228224172069472
block_366,0.004223493543200618
street_name_HOUGANG AVE 2,0.004221939757982129
block_295,0.004213023547006145
block_485B,0.004207853605796341
block_233A,0.004205715216021977
street_name_RIVERVALE WALK,0.004194539303978173
block_666,0.004193436784701632
block_933A,0.0041904666880689945
block_538,0.004190374201634706
storey_range_04 TO 06,0.004187350459529338
block_228B,0.004186527493053704
street_name_FAJAR RD,0.004180373379963909
block_1B,0.004175716734121648
block_738,0.004175176060025043
block_668D,0.004150816721357531
block_557,0.004149977091633561
block_787B,0.004149061222963324
block_266A,0.004147765451078422
block_331C,0.004143485530511359
street_name_YISHUN RING RD,0.00414105457084335
street_name_SENJA LINK,0.004134450525045796
street_name_FARRER RD,0.004119507832213376
block_295B,0.004117222846947266
street_name_WOODLANDS AVE 3,0.004107278476178866
block_889A,0.004103378392726009
block_188B,0.004095098004911257
block_508C,0.004092533630114525
block_72,0.0040917712398202966
block_501C,0.004084875597455628
block_689D,0.004079458578725603
block_633A,0.004067053397724063
town_JURONG WEST,0.0040669560160915275
street_name_ST. GEORGE'S LANE,0.004053408927423119
block_674A,0.00405267470280446
street_name_LOR LEW LIAN,0.00405194801267883
street_name_CLEMENTI AVE 5,0.00403913266107736
block_351A,0.004036658853209474
month,0.004030404606232718
block_468D,0.004030028069945457
block_890C,0.004026561314879995
block_268A,0.004026523765259249
block_782B,0.00402571377870764
block_500,0.004023659718766837
block_788E,0.004021316886210213
block_638B,0.004016189673955006
street_name_HOUGANG ST 92,0.00401162819286327
block_958,0.00400919092395724
block_90,0.004007017490404996
block_678D,0.003999358977856193
block_711,0.003994554372701575
street_name_ZION RD,0.00398919698418565
street_name_ANG MO KIO AVE 8,0.003983259021064001
block_113C,0.003982803164699122
street_name_JURONG WEST ST 91,0.003982712509912112
block_450C,0.003981002738907113
block_122,0.003976080207545474
street_name_TAMPINES ST 22,0.003975449315328117
block_674,0.003971337689039123
street_name_MARSILING DR,0.003957520886641364
block_211,0.0039522189392704465
block_259B,0.003951134820811442
block_653A,0.003945957400263156
block_807B,0.003940585606838853
block_604B,0.003938114099582668
block_221B,0.00393615940623504
block_170,0.0039297266372015915
block_89,0.003927702278510914
block_184,0.003916315215479305
block_305C,0.0039157833662086805
street_name_C'WEALTH AVE WEST,0.003908960206196577
block_285,0.0039007599491847067
block_119A,0.003900025350235481
block_175C,0.0038855863407361024
block_786B,0.0038826297656608943
block_409,0.0038817386352412164
street_name_BEDOK NTH ST 1,0.0038738676640635017
block_321,0.003860508513592986
street_name_CLEMENTI ST 14,0.003859072027300625
block_26B,0.003856412235824669
block_665A,0.003847889754049705
street_name_JURONG WEST ST 74,0.0038398008835891506
block_99,0.0038336791702822115
block_205,0.0038309792898638673
street_name_TAMPINES ST 83,0.0038271823468178923
block_257,0.0038236912138394086
street_name_CHOA CHU KANG AVE 7,0.003820325706806349
block_168D,0.003809267318247711
street_name_BT BATOK ST 34,0.0037982507248888187
block_576,0.003788149569832644
street_name_KIM TIAN RD,0.0037878506888615604
street_name_MCNAIR RD,0.0037606556097575794
block_979A,0.00374632797618335
storey_range_07 TO 09,0.0037410270423974268
block_311C,0.003733448652009086
street_name_KANG CHING RD,0.0037219524947609273
block_526C,0.0037189636057928244
block_676B,0.003716382996183487
block_322B,0.003716077326467504
street_name_JURONG WEST AVE 3,0.0037143248580624455
block_357C,0.003710074172436739
block_485A,0.0037072396642070515
block_70C,0.0037053512063707217
block_612D,0.0037002561107242204
block_817A,0.003696766873634738
street_name_YISHUN ST 81,0.0036962242871618756
block_123,0.003695772896410432
block_871,0.003691141109576357
block_126D,0.003687145053375529
block_815B,0.003686737213782987
street_name_TAMPINES AVE 9,0.0036842085792001544
block_309B,0.003675299887739847
block_8B,0.003674877842588131
block_110D,0.003674705687090718
block_654B,0.0036603197415827626
street_name_POTONG PASIR AVE 2,0.003654989832829525
block_628,0.0036500431532562327
block_391,0.0036438104243952107
block_324B,0.003642481446313406
block_528A,0.003639297888102133
block_23A,0.0036355546425623775
block_287B,0.0036317721655154678
block_325A,0.0036288194375833083
block_511B,0.0036288021036297025
street_name_ANCHORVALE LINK,0.0036200593541273474
block_810A,0.003617929047158075
street_name_HOUGANG ST 91,0.0036142255713955684
street_name_CLEMENTI WEST ST 1,0.0036018743621009097
block_923,0.003598492864309577
block_681C,0.0035882168107486123
block_291B,0.003583184885730617
block_741,0.0035808999426447663
block_406,0.0035707279621681742
block_842D,0.003562280295506426
block_226A,0.0035499252576269846
block_307D,0.003548051015763498
block_782A,0.003547165348958048
street_name_JURONG WEST CTRL 1,0.0035457150505104895
street_name_BISHAN ST 12,0.0035327166110057373
street_name_JURONG WEST ST 64,0.003530650366943
block_203A,0.003527463782537099
block_202B,0.003523816541755709
block_574A,0.0035159250444836143
block_116,0.0035089657823594855
block_410A,0.003507408309732174
block_302B,0.003505165813843858
block_170A,0.003503493542721836
block_139,0.0034924153503212985
block_158,0.003481965505952811
block_927,0.0034791675758509832
street_name_CASSIA CRES,0.003475613943394462
block_887C,0.0034735407581603095
block_413,0.0034637276300308883
block_428,0.003457072127544203
block_622B,0.0034566451428643674
street_name_YISHUN AVE 9,0.0034510167590291463
block_338D,0.003435380041054037
block_441,0.0034351565825978536
block_192C,0.0034254355901577327
block_942,0.003424514167712278
block_311B,0.003421524834628986
block_299B,0.0034207695720953613
block_661C,0.0034177394328964716
block_130B,0.003416344242258784
block_224,0.0034129976011632035
street_name_DOVER RD,0.003402849144065634
block_318,0.0033938497409493618
block_406C,0.003390745858345756
block_512B,0.003390067914451178
block_679B,0.0033857294602370747
block_167B,0.003385342190379559
block_17B,0.0033838131220709222
block_307,0.003379809552728652
block_128A,0.0033735375870669326
block_499B,0.003367900107513311
block_841,0.003359672514428702
block_445B,0.00335857765861447
block_286C,0.0033562698944931135
block_1G,0.00335086739416135
block_808A,0.003346527477107397
block_175B,0.003345409318293413
block_832,0.003341136538688394
block_216D,0.0033399656310950654
block_679C,0.0033393546044755418
block_882,0.003336557614323832
block_299,0.0033365065501240743
block_352C,0.003330650892223508
block_120,0.0033199947338078406
block_509A,0.003311640446269415
street_name_TELOK BLANGAH CRES,0.0033105782755091795
block_490B,0.00330948808732745
block_475D,0.0033059416155283294
block_9,0.003305489542543505
block_258,0.0032976840927008144
block_637B,0.0032909773169065293
block_237,0.003274745391694145
block_667C,0.003259517334712969
town_BEDOK,0.003248470313187646
street_name_BT PURMEI RD,0.0032455719180632947
town_CENTRAL AREA,0.003237990098968302
block_941,0.003237919176990678
block_186A,0.0032357905684268218
street_name_TAMPINES ST 71,0.0032314630752567908
block_238,0.0032280712326397953
block_662C,0.0032259864166772623
block_180A,0.0032257354403713023
block_672B,0.0032249759919888987
block_303A,0.0032167054369398596
street_name_DORSET RD,0.0032136129429738425
block_787E,0.0032133476668778638
block_476C,0.003213229735498979
block_326D,0.003201390392793879
block_197C,0.0032012224548205737
block_468C,0.0031894871993933815
block_690A,0.0031791484377903245
block_601A,0.003167811198584003
block_888A,0.003156248856185373
street_name_LENGKONG TIGA,0.0031534595643678554
block_163C,0.003150563266053563
block_160A,0.0031400810696669
block_596D,0.003137350787276949
block_28C,0.0031353673311125263
street_name_WOODLANDS ST 13,0.0031289225868977866
block_786,0.0031232667048048945
block_41,0.0031175588739635884
street_name_PASIR RIS DR 10,0.0031172326266255546
street_name_PASIR RIS ST 13,0.0031129038668893383
block_485,0.0031023966067300623
block_861A,0.003097438727472701
block_264,0.0030832976791603794
block_422,0.0030794442298620606
street_name_ANG MO KIO ST 61,0.003077963702303066
block_358,0.003076901423755052
block_18D,0.0030752453060296503
block_334D,0.003073495848811225
block_788D,0.0030576804026214432
street_name_LOR 4 TOA PAYOH,0.0030551503149440773
block_879B,0.003049223422078473
street_name_CANBERRA ST,0.0030476484633170653
block_691A,0.0030403052779148787
block_70B,0.003032085775382054
block_919,0.0030285450706739603
street_name_JLN TIGA,0.003024516640133701
block_717,0.0030151231602253414
block_87,0.0030078616569910732
block_810,0.0030062806734123537
block_498E,0.0030009698208246505
block_451A,0.0030001332994360475
block_206A,0.0029966915070460676
street_name_WOODLANDS DR 44,0.002995140022669096
block_607,0.002993049205299636
block_2A,0.0029925437587008386
block_113D,0.0029814669177337105
block_769,0.0029813128363356256
block_194B,0.00298115001595467
block_892,0.0029803933033780705
block_290,0.0029773459823905224
block_55,0.0029768202500481955
block_258C,0.002962326017217798
street_name_BEDOK NTH AVE 4,0.0029610714060412935
street_name_BEDOK CTRL,0.002956319979659172
block_173C,0.0029551271513656996
street_name_MOH GUAN TER,0.0029550496943520077
block_53,0.0029523487276141847
block_204B,0.002947355545025454
block_650C,0.0029463793672728222
block_141,0.0029402900012884814
block_831,0.0029367286680856974
block_543,0.002936317939920441
street_name_SIMS DR,0.0029276850919375264
street_name_KELANTAN RD,0.0029268158718589454
block_911,0.0029230994509430452
street_name_JLN DUA,0.0029223579227664054
block_989D,0.0029198190675807645
storey_range_22 TO 24,0.002915607707571377
street_name_WOODLANDS DR 16,0.0029146008877185547
block_634,0.002910125013845244
block_773,0.002871562086888879
block_212,0.002871280612657623
block_106,0.002858284830272062
block_185A,0.0028516067783896926
block_825,0.0028507763944269904
block_184A,0.0028490732033439325
block_899B,0.0028483595179640275
block_27A,0.002836478782598517
block_629,0.002836033189340892
block_463A,0.0028230959493202867
block_61,0.0028166260360695805
block_518,0.002810150592879923
block_987D,0.002809138192886529
block_126A,0.0028075884468574674
block_683C,0.0028075872434782934
block_431B,0.0027887883076334052
street_name_BT BATOK ST 33,0.0027856143773130615
street_name_TAMPINES CTRL 7,0.002784205557808228
block_15,0.002780680435477967
block_108B,0.0027803585966301725
block_699,0.0027781815519096753
block_277D,0.0027746929337273407
block_613B,0.0027745697337386854
block_342,0.0027721996397458426
block_180B,0.002772166746744187
block_699C,0.0027640969327300535
street_name_CHOA CHU KANG ST 53,0.0027546374518578887
block_546,0.0027457790787479563
block_332,0.0027410049350828913
block_14,0.0027357040016466883
block_635,0.002734873577466157
street_name_TOA PAYOH CTRL,0.002733942911480103
block_326B,0.002732221228248566
block_287C,0.002731570944329631
block_453C,0.002731432356776642
block_759,0.002722995029229347
street_name_TOA PAYOH EAST,0.00269651912032165
block_414B,0.0026942780837853064
block_272D,0.0026897396175651345
block_81,0.002682379408594615
street_name_BUFFALO RD,0.0026818274325872693
street_name_WOODLANDS DR 60,0.0026704718240508907
block_519,0.00266869233208733
block_650,0.002665117859053545
block_625A,0.002664961689843315
block_409B,0.0026580660467370176
block_504A,0.002654731342746297
block_685B,0.002649388600662439
block_128D,0.002641370009467847
block_547,0.0026370331355376475
block_392,0.0026297751577906148
block_122A,0.0026291722637781234
block_450A,0.002621468321560627
block_602A,0.002620438609725495
block_357A,0.002620381430851415
street_name_UPP ALJUNIED LANE,0.0026166550813639944
block_572A,0.0026162437526786597
street_name_BENDEMEER RD,0.0026131199882628575
block_856C,0.002610711433661317
block_282B,0.0026092586912853655
block_649B,0.0026028303493150773
block_211A,0.002602642368768171
block_515A,0.0025999888806400584
block_602B,0.002598395097354711
block_172,0.002592697932961796
street_name_JURONG WEST ST 65,0.002592028102745614
block_743,0.002591724438818499
block_442A,0.0025886307451650215
block_444,0.00258737219227112
block_990A,0.0025834937861595186
block_807C,0.0025792054239004436
block_522,0.0025786640960749896
block_282A,0.0025769585555794894
block_713,0.0025708839121001414
block_287,0.002568865849800872
block_979C,0.0025673730613531287
block_168B,0.0025664968941041533
street_name_MONTREAL DR,0.0025661860202297326
block_301B,0.002564458118505364
block_196A,0.0025613241074924353
street_name_PASIR RIS ST 51,0.0025594350067050797
block_226F,0.002558685974828112
block_168A,0.0025554741928717206
block_676A,0.002546430037466685
block_331B,0.0025454172814445286
block_8C,0.0025417131978273666
storey_range_40 TO 42,0.0025401772621920227
block_506,0.0025224088075752604
block_3B,0.002521763281194689
block_139B,0.002516334215875604
street_name_SENGKANG CTRL,0.002515809342237718
block_333D,0.0025150576561789872
block_157C,0.0024924968961539395
block_484B,0.0024901503663823377
block_66,0.0024816597682209007
street_name_GEYLANG EAST AVE 1,0.0024797836733485568
street_name_SEMBAWANG CL,0.002476310446598129
block_6B,0.002457731937395735
block_26,0.0024563823654477623
block_190A,0.002455068559881868
street_name_BOON LAY DR,0.002441344498203213
street_name_TELOK BLANGAH RISE,0.0024335811765241466
block_693,0.0024313592567788422
block_335A,0.00242819121131177
block_624B,0.002425648863985108
block_301A,0.0024222243848315284
block_895C,0.0024163202169422693
block_163B,0.002413419225689273
block_682C,0.002402317985596314
block_360,0.0024018879260021553
block_210,0.002400848345229134
block_155,0.002400254543667657
block_458,0.002398579760273689
block_548A,0.0023985301038735862
street_name_ANG MO KIO AVE 3,0.002398254911074593
block_334C,0.0023967929583170733
block_111A,0.002384314446832736
block_210B,0.0023839532200091718
block_540,0.0023788065735226294
street_name_WOODLANDS ST 81,0.0023775140157356045
block_617D,0.0023754582408919145
block_501D,0.0023721208308862263
block_289E,0.0023608220856601303
block_294,0.0023527608156292956
block_813,0.002347767834491199
block_388,0.002345237883600415
block_264E,0.0023333361133694996
block_309,0.0023263918197191646
block_85C,0.0023194176962644253
block_984B,0.002318729518367091
street_name_CLEMENTI AVE 1,0.0023134998476095348
street_name_ANCHORVALE CRES,0.002304062085632941
street_name_WOODLANDS AVE 5,0.0022988685758724703
block_293D,0.00229262131765684
block_506A,0.0022880423032571873
block_348A,0.002287757148515368
block_118B,0.002284462573399537
block_675B,0.0022841898084828838
street_name_ANG MO KIO AVE 6,0.002280587551850566
block_689E,0.0022800224375139067
block_631,0.0022629230820141455
block_439C,0.0022618969918788423
block_648A,0.002261609051182223
street_name_PASIR RIS DR 1,0.002252310863871454
block_471B,0.0022507035437779876
street_name_HENDERSON CRES,0.0022483701967475067
block_439A,0.0022359086892635993
block_77,0.0022262055829771477
block_261B,0.0022237653165264604
block_530A,0.002219341448660428
storey_range_16 TO 18,0.00221667754169097
block_717A,0.0022081892088290367
block_476D,0.0022047959475748335
street_name_REDHILL RD,0.002201408750946765
block_63A,0.002198849779778911
block_686A,0.0021976855211347512
block_362,0.00219300898897834
block_619D,0.002185472512009623
street_name_JURONG WEST ST 75,0.002174285488307781
block_904,0.0021738596288993772
block_890B,0.002171921707991853
block_37,0.002170192531935289
block_689C,0.0021696876566468237
block_449B,0.0021694277930806027
street_name_SAGO LANE,0.002165147692037017
block_780D,0.002161357506185624
block_329A,0.0021594340282162783
block_683,0.002154026506747009
street_name_WHAMPOA DR,0.0021524399704730968
street_name_YISHUN ST 43,0.0021502068021639342
block_659,0.002140862953985856
block_317C,0.0021264232836424313
block_107,0.0021195495040711165
block_337A,0.002110736516046874
block_571A,0.002107514878587402
block_194A,0.002106591908296318
block_134,0.002106420796662123
block_619,0.0021016920018022134
block_654A,0.002094548601446089
block_3D,0.00209241823063655
block_223A,0.002091507054355457
block_300,0.002086010718725495
block_161A,0.002085141386685807
block_664A,0.0020764317319146297
street_name_TAMPINES ST 82,0.0020682134802125773
block_742,0.002066430416792553
block_171B,0.002066172508307762
block_456,0.0020432874293927483
block_999B,0.0020412793651731764
block_51,0.0020402345893071328
block_693C,0.002038063955473346
block_818C,0.002038002874983569
block_691B,0.0020378043108926214
block_654,0.0020365253012979423
block_316D,0.0020349745839189914
block_313,0.0020348195205757147
block_8,0.002033050121829749
block_869,0.0020309148769865892
block_465,0.0020280235151959314
block_264D,0.002018254643976203
block_435A,0.002012103163198331
block_430,0.0020092932971678135
block_326A,0.002007556092483709
street_name_HOUGANG AVE 1,0.002003267307900236
block_471,0.001999622479552432
block_603B,0.001998040369955545
street_name_MEI LING ST,0.0019951152186321597
block_103B,0.0019915362395395153
street_name_COMPASSVALE LANE,0.0019836367123480247
block_202A,0.001979196721435761
block_101,0.001973879549495683
block_27B,0.0019708082447082997
block_685C,0.0019582972014284827
block_131,0.001957297651740131
block_934,0.0019517210440627153
block_658B,0.0019420653025439272
street_name_POTONG PASIR AVE 3,0.0019398210359777845
block_1E,0.0019305051627866998
street_name_SAUJANA RD,0.0019100517838326336
block_668B,0.0019074825609437518
street_name_MARINE DR,0.0019049457607593911
block_333C,0.0019041657027056846
block_587,0.0019007228874681203
block_153A,0.0018883351051921515
block_928,0.0018797216401567063
block_418B,0.0018711093696530678
block_21,0.0018703712142287277
street_name_PANDAN GDNS,0.0018668322172812335
block_417,0.0018663921263089023
block_462,0.0018596520261591198
block_311A,0.0018546284423095472
block_137,0.0018499857651173013
block_637A,0.0018495020418998198
block_158A,0.0018476176035417957
block_61C,0.0018409419351692602
street_name_JLN TENTERAM,0.0018351152587399167
block_125,0.0018311928163725621
block_524A,0.0018296625958129642
block_657B,0.0018254950099341194
block_523,0.001824924144519402
block_828,0.0018212766078744558
block_752,0.001817730668246087
block_307B,0.0018097428994501286
block_666B,0.0018072352613303089
block_821,0.0018006421292406927
block_865,0.0017943960881892096
block_515B,0.0017929655455497517
block_991A,0.0017914663830511657
block_33,0.0017855849243031408
block_17A,0.0017800042812139427
block_295A,0.0017763674797688367
block_683A,0.0017713785941828597
storey_range_37 TO 39,0.0017711088787837337
block_889C,0.0017707516503149279
block_712,0.0017662326070750911
street_name_JURONG WEST ST 93,0.0017660502030898417
block_217,0.0017626629734144306
block_359A,0.0017578395041248918
block_332A,0.0017544699205476189
block_144,0.00174809074208504
block_721,0.0017372559852479874
block_486B,0.0017191330838668417
street_name_LOMPANG RD,0.0017175608134323284
block_760,0.0017094954812930663
block_412,0.0017025313770406836
street_name_YISHUN AVE 1,0.001701491418761858
block_788B,0.0016958738715411315
block_6,0.0016864156219045245
street_name_PINE CL,0.001686183961218557
block_907,0.001685632418110261
block_511A,0.0016822960819298238
block_173,0.001681767443404647
block_655,0.0016794059453446586
block_666A,0.0016787536821900595
block_111,0.0016757261046540517
block_490A,0.0016717376490174018
block_588C,0.0016692945521348257
block_489D,0.0016672975662939127
block_561B,0.0016638685579348778
block_216B,0.0016618347799628452
street_name_COMPASSVALE LINK,0.001661241621914833
block_309C,0.0016570693753970023
block_316,0.0016566278124119371
block_659A,0.0016542196781987872
block_12,0.0016517024797262359
block_717B,0.001643867605345184
block_107B,0.0016365193435672332
block_101C,0.0016353412809073653
block_670A,0.001634846001117296
block_649,0.0016343049118845432
block_437,0.0016328562521288337
street_name_YISHUN ST 72,0.0016309968436514222
block_512,0.0016251603454244812
block_269A,0.0016250170343801162
block_833,0.0016235017926919948
block_297D,0.0016196512488213521
block_115A,0.0016175544519305696
block_662A,0.001615411448533166
block_643,0.0016120524781304546
street_name_ELIAS RD,0.0016094029909992091
block_517,0.0016063015454381713
block_359,0.001596551437147653
street_name_BISHAN ST 24,0.001594489108012409
block_622A,0.0015898091424486616
block_135,0.0015782187132125092
block_816A,0.001572439907516543
block_439,0.001572316239823346
block_347A,0.0015702434523188202
block_697B,0.0015650489559184688
block_886B,0.001564188828160118
block_250,0.0015636477797835724
block_684D,0.0015618059779292093
street_name_EUNOS CRES,0.0015575109094152495
block_342A,0.0015562858845212801
block_185B,0.001554581930474086
block_648,0.0015544707798580415
block_689A,0.0015533589924900948
block_571B,0.0015531594432978135
block_370,0.0015512946161388985
street_name_TELOK BLANGAH HTS,0.001548828093362653
town_JURONG EAST,0.0015333991722088491
block_401,0.001531870859826201
block_150,0.0015255867895098696
block_242,0.0015253351766619794
block_269B,0.0015223433974960177
block_667D,0.001521026427809602
block_282C,0.0015183096397255458
block_569,0.0015014443585912307
block_364A,0.0015002054052366542
block_509,0.0014934075510546485
block_431,0.0014926799377232847
block_519C,0.001490007150523498
block_169C,0.0014838283365452565
street_name_CHAI CHEE DR,0.0014835902660965683
street_name_HOUGANG AVE 6,0.0014802578682706624
block_325,0.0014744085246618521
block_503C,0.0014738875881918911
block_973,0.0014607414107072891
block_694B,0.001459341730242647
street_name_WOODLANDS DR 52,0.0014537772785123693
block_333,0.0014466489830062823
block_269,0.001444259005355164
street_name_KING GEORGE'S AVE,0.0014424130702381799
block_20,0.0014410583699457913
block_492G,0.0014372393127575211
block_507,0.0014277586164326284
block_16,0.0014271793564015756
block_439B,0.0014219579524412662
block_213B,0.0014218186198275973
block_592B,0.0014208332402518842
block_891B,0.0014196195471019024
street_name_ALJUNIED CRES,0.001417181386127897
block_423,0.0014130372357243903
block_268C,0.001411856013491919
street_name_CIRCUIT RD,0.0014087922436474276
block_62,0.0014024632667568593
block_658D,0.0013964456140973525
block_230J,0.0013927953161061435
block_424A,0.0013908151539205882
block_419,0.0013887115445376796
block_297C,0.0013809447469799174
block_288C,0.0013805792079659707
flat_model_Model A-Maisonette,0.0013731896641204777
block_281B,0.0013726200573951353
street_name_JURONG WEST ST 25,0.0013712030454204882
block_728,0.0013707862844956065
block_448B,0.0013606317423087155
block_638A,0.0013595668889516688
street_name_RIVERVALE CRES,0.0013568357554509802
street_name_BUANGKOK GREEN,0.0013505018589161644
block_515,0.0013482013880896648
block_203,0.0013468050868674641
block_664B,0.0013456592997633798
block_530,0.0013429384530569966
street_name_MARSILING CRES,0.00133792305113567
street_name_TELOK BLANGAH WAY,0.0013331483626841667
street_name_SEGAR RD,0.001331629312369964
street_name_VEERASAMY RD,0.0013295791763690001
town_BUKIT TIMAH,0.0013271849804454838
block_185,0.0013247703542067502
block_549A,0.0013239024102154051
block_949,0.0013233829710330713
street_name_BT MERAH VIEW,0.0013190953714228293
street_name_GHIM MOH RD,0.0013101024370691938
block_525A,0.0013096855397380924
block_71,0.001304870351023446
block_740,0.0013041990741056164
street_name_TAMPINES AVE 4,0.0013017298739199656
street_name_BEDOK NTH RD,0.0012874045354012154
block_670,0.001286155288439561
block_579,0.0012842407833482117
block_694,0.001280355642072406
street_name_JURONG WEST ST 24,0.0012795953632718238
block_327,0.001276751788512387
block_680B,0.0012704984942666364
street_name_JLN KLINIK,0.0012667554447489682
block_50,0.0012623708415084867
storey_range_10 TO 12,0.001260178272165291
block_115,0.0012524033937473256
block_119B,0.0012490583731574745
block_520C,0.0012481807881152829
block_425,0.0012451073858248396
block_786C,0.0012428847825327605
block_668A,0.001240788680360927
street_name_YISHUN AVE 6,0.0012375872672125698
block_636,0.0012337554865033962
street_name_SIMEI ST 1,0.0012143460640055004
block_260C,0.0012084888137799954
block_947,0.0012067661455024137
block_450D,0.0011997007126816062
street_name_MARINE CRES,0.0011977026004892366
block_659C,0.0011957343045883029
street_name_SIMEI ST 5,0.0011886298181627009
street_name_CAMBRIDGE RD,0.0011874069854049818
street_name_ANCHORVALE LANE,0.0011814967150469702
street_name_PASIR RIS ST 41,0.0011790521429710932
block_801C,0.0011779376091880511
block_104D,0.0011742997316364079
block_601,0.0011685640654828244
street_name_BT BATOK ST 25,0.0011676944449068305
block_160,0.0011613868388951065
block_291E,0.0011547097777120374
block_815A,0.001149677559850515
block_830,0.0011488242515991232
block_315B,0.0011485611402186624
street_name_CASHEW RD,0.001146686756118065
town_BUKIT BATOK,0.0011429677014969108
street_name_TOH YI DR,0.0011373638105922623
block_906,0.001131006619607744
street_name_BISHAN ST 23,0.0011306908674590943
block_143,0.0011201262886344487
block_925,0.001120042755379247
block_278A,0.001118940454221562
block_972,0.0010956216173312328
block_700A,0.0010950063734236348
block_256,0.0010931465623720271
block_288B,0.0010895549649401204
block_505D,0.001081922773570998
block_365A,0.0010808764793164283
block_520,0.0010785102621293507
block_431D,0.0010765839317254944
block_634B,0.001073108704511938
block_612A,0.001070416625537307
block_164A,0.001069437146310026
street_name_WOODLANDS RING RD,0.001067980855536721
block_453,0.001067980640491628
block_118C,0.0010652604550851485
block_339A,0.0010583956587393306
street_name_CRAWFORD LANE,0.001057175307715541
block_541,0.0010552339304426006
block_415C,0.001052307065570579
block_436B,0.0010499299186321753
storey_range_34 TO 36,0.0010478318282061139
block_864,0.0010288296998539614
block_727,0.0010279770438390567
block_614,0.0010235110953733528
block_520A,0.0010197580991220256
block_206,0.0010116766987802173
street_name_JELLICOE RD,0.0010092064953464153
block_633,0.001003880571257998
block_92A,0.0010029796632502475
block_289,0.0010027866683128828
block_811A,0.0010020801907244525
storey_range_49 TO 51,0.000998438255311429
block_132,0.0009957057819998116
block_286,0.0009954786155519368
block_494E,0.0009893267278131557
street_name_ANCHORVALE ST,0.0009860870051521253
block_271D,0.0009813745503486349
street_name_QUEEN'S CL,0.0009806544565482689
street_name_JLN DUSUN,0.0009794863880552285
block_225C,0.0009760802681739733
block_292C,0.0009705927157801497
block_163,0.0009655988597534471
block_459,0.0009598399951387115
block_964,0.0009555896018029753
block_217D,0.0009414738665567413
block_675,0.0009413138478806538
block_447A,0.0009389331129148193
block_685A,0.0009348902393822023
block_261,0.0009327907668028601
block_205A,0.0009317952864398293
block_233,0.000927485503337655
block_530B,0.0009255380174189032
block_173B,0.0009184433985049978
block_291D,0.0009166240759093114
street_name_GEYLANG EAST AVE 2,0.0009159494312043215
street_name_LOR 7 TOA PAYOH,0.0009133926643942747
block_266D,0.0009125913765246629
block_535,0.0008967181909704802
block_273D,0.0008952249487796937
block_526D,0.0008949296625737624
block_280A,0.000893718008471156
street_name_LOR 5 TOA PAYOH,0.0008923000517140345
block_417A,0.000891311990880217
block_432,0.0008909470983526901
block_436C,0.0008895107339323971
street_name_CLEMENTI AVE 3,0.0008871373706049734
block_365B,0.0008802692557525749
block_564,0.000878676966754588
block_43,0.0008769403817359134
block_232B,0.0008741450145617335
block_189A,0.0008723840881728062
street_name_BT MERAH CTRL,0.0008715689282894346
block_203D,0.0008713177928212357
block_138C,0.0008692390753124446
block_971,0.0008687609180402234
block_432C,0.0008661130704608055
block_895A,0.000862764067321109
block_128C,0.0008595242040456696
street_name_LOR 8 TOA PAYOH,0.0008565059176006695
street_name_BEDOK NTH ST 2,0.000855800124186068
block_191A,0.0008553146564680425
block_257B,0.0008548451397905055
block_870A,0.0008525095109828129
block_777,0.0008470936686877373
street_name_LOR 1A TOA PAYOH,0.0008440898775292638
block_286B,0.0008440255507133898
block_209C,0.0008422722075200895
block_874,0.0008397602797622916
block_105D,0.0008377954893519224
block_590B,0.0008335518052615676
block_219A,0.0008309852976715604
block_178B,0.0008279439521763354
block_202C,0.0008265898525592341
block_451,0.0008238971551024488
block_13,0.0008228001358292492
block_213C,0.0008225141166391392
block_613D,0.0008197142835741911
block_662,0.0008150769396229052
block_894B,0.0008089431220232868
block_186,0.0008028876938759311
street_name_MARINE TER,0.0008005021780170818
block_90A,0.0008002242196938347
block_913,0.0007979290053174992
block_7,0.0007970487087929357
block_489A,0.0007931142335624308
block_571C,0.0007773229870788878
block_167C,0.0007646386905360014
street_name_WOODLANDS RISE,0.0007585332423181157
street_name_YUNG PING RD,0.0007566104471961044
block_185D,0.000743673138104084
block_195C,0.000743353932759705
block_227A,0.0007433490972639234
block_230B,0.0007333814442667119
block_270A,0.0007323525970384104
town_BUKIT PANJANG,0.0007318729932919155
block_881,0.0007058550274139375
block_589C,0.0006980444422581833
street_name_WOODLANDS ST 11,0.0006950907255824923
block_410C,0.0006893944627190951
block_62A,0.0006773617736004489
block_671C,0.0006742869855485001
block_354,0.0006718627972470692
block_886A,0.0006650722109893259
block_9A,0.0006633538109166448
block_272A,0.0006632559180530517
block_481,0.0006626047016224934
street_name_HOLLAND DR,0.0006625542760569925
block_259A,0.000659403653287649
block_578,0.0006578602206825934
block_977,0.0006492802403839093
street_name_KG KAYU RD,0.0006444135071002055
block_258A,0.0006438072009677942
block_686D,0.000642511821293823
block_687D,0.0006419539383524242
block_842,0.0006376772116554186
street_name_ANG MO KIO AVE 9,0.0006364148834394623
block_467A,0.0006361068302693784
block_315,0.0006336848662300554
block_393,0.0006317361365941743
block_441B,0.0006273377230645583
street_name_BEDOK NTH AVE 2,0.0006249108199190001
block_472A,0.0006246731815555684
block_558,0.0006237691648249832
block_748,0.0006227144219563829
street_name_MARSILING LANE,0.0006216453875500516
street_name_TOH GUAN RD,0.0006121654251760589
block_290C,0.0006040107624913915
street_name_CHOA CHU KANG DR,0.0005997213784756372
block_434B,0.000595198592163948
street_name_CHOA CHU KANG ST 52,0.0005925057257185617
flat_model_Adjoined flat,0.0005912143220554444
block_701,0.0005911066138355459
block_430D,0.0005853191327716001
block_262C,0.0005845465194951327
block_745,0.0005813546892778909
block_213,0.0005779068670106469
block_403D,0.0005767956370310579
block_174B,0.0005767541180339286
street_name_LOR 1 TOA PAYOH,0.0005696914905823913
block_668,0.0005672699900514111
storey_range_43 TO 45,0.0005665273038470975
block_443C,0.0005429692616190085
street_name_WEST COAST RD,0.0005359704350755834
block_354B,0.0005344165948188984
block_646,0.0005334817260322922
street_name_SERANGOON AVE 4,0.0005307028687362436
block_976,0.0005293004902262588
block_18B,0.0005280568627754612
block_534,0.0005166461234140662
block_954,0.0005158897735355605
street_name_MARSILING RISE,0.0005139843251216192
block_208C,0.0005123954801684594
block_424C,0.0005109964287584035
block_887A,0.0004988126589815511
street_name_PENDING RD,0.0004858479879181754
block_259C,0.0004818120328571318
block_211C,0.00047833895949200844
block_633B,0.0004778029492173985
block_426D,0.00046825082345036684
street_name_BT PANJANG RING RD,0.0004681081418180799
block_817,0.0004658485807809143
block_909,0.00046080277477478226
block_498F,0.0004543201791222806
block_497H,0.0004539166107233594
block_588B,0.0004494890680710739
block_30,0.000447705929062181
block_785C,0.0004455621432923884
block_208A,0.00044136406061401345
block_145,0.00044064463316639824
block_802,0.00044019978984133346
block_289F,0.000436489544522356
block_782D,0.0004361544031554754
block_487,0.00042399729186759494
block_572B,0.00042327021602628356
block_433A,0.0004218997230414079
block_652B,0.00041771637503895676
block_898A,0.00041736791792779115
town_MARINE PARADE,0.000407225342776929
block_690F,0.0004052210192384553
block_152,0.000404467648866369
block_723,0.00039518167636942714
block_171A,0.00038681132807361074
street_name_TAMPINES AVE 5,0.00038531309815970083
block_733,0.0003732185222604656
block_415B,0.00035842062903124194
block_408C,0.000358134822975531
block_707,0.00035082641968098294
block_197B,0.0003469301836303007
block_3,0.0003458375111431433
street_name_ANG MO KIO AVE 1,0.00034506162371550353
block_662D,0.0003391860753019227
block_265E,0.0003360685407101105
block_103,0.00033322150540371354
block_674B,0.000332811605408212
block_384,0.00032488977668232444
block_625,0.0003248370661772526
block_426,0.0003142839547023435
block_338C,0.00031193351715930184
block_253,0.0003115273896401316
town_SEMBAWANG,0.0003091874597818123
block_11,0.0002964939980092396
block_660,0.00029284754843872385
block_298D,0.00029234398287703023
street_name_CHOA CHU KANG ST 62,0.0002889295995252006
block_766,0.00028809912614180533
block_162A,0.00028588495192027885
block_873,0.0002847305976545478
street_name_WOODLANDS DR 50,0.0002811499076667001
block_808C,0.00028000474463385494
block_475A,0.0002779763550331271
block_256B,0.0002731122782952955
street_name_SIMEI LANE,0.00027190442047886343
block_201,0.0002684367596974546
block_663A,0.00026389300723472786
block_475,0.00025977485220929353
block_801B,0.00025817174124953546
block_338,0.00025807739363048476
block_527D,0.0002547310740474984
block_963,0.0002478694429954853
block_749,0.000244307320534487
block_346,0.00024339732272604664
block_128,0.00023882485275428245
block_231,0.00023658394899506163
block_4C,0.00022721297520544859
block_461B,0.0002196238179905663
block_566,0.0002107437357261599
block_297,0.0002091951885674348
street_name_CHAI CHEE AVE,0.00020763780480770322
block_637C,0.0001931086163511342
block_807A,0.00018673335185526163
block_46,0.00018221159367559636
block_93B,0.00017872624219616995
block_297A,0.00017222715941267452
block_310B,0.0001715046512948959
block_260A,0.0001663618911909026
block_360A,0.00016547295248714455
block_291A,0.00016269550239078612
block_468A,0.00016252102167824134
block_624C,0.0001592981034832519
block_265A,0.0001582189727862282
block_498,0.00015559597874914566
block_172C,0.00015371665379704247
block_204C,0.0001495296884330699
block_736,0.00014920427020026494
block_492B,0.00013019246624423886
block_442C,0.00013004174570374616
block_122D,0.0001236967716817805
street_name_BOON TIONG RD,0.00012046426701517454
block_664,0.00011839910013167199
block_589B,0.0001161943382630426
street_name_COMPASSVALE RD,0.00011589962705582657
street_name_TAMPINES ST 84,0.00011157506000247785
block_85B,0.00010970585379288522
block_924,0.0001073400120432666
block_62B,0.00010079819993924488
block_115B,9.446854695238649e-05
block_496E,9.256006331104238e-05
street_name_SUMANG LINK,9.18101152902473e-05
block_150A,8.854251541290381e-05
street_name_OLD AIRPORT RD,8.747610273096562e-05
block_230E,8.452368586597814e-05
block_521,7.887726457278532e-05
block_849,7.86938751959898e-05
block_287D,7.851225827493202e-05
block_118,7.176916561646429e-05
block_305D,6.762415801819799e-05
block_302C,6.484041771193105e-05
street_name_GLOUCESTER RD,5.7933987942959675e-05
block_863,5.737736438171659e-05
block_367A,5.723919918820819e-05
block_197,5.6023719365860813e-05
block_255,5.37468343566605e-05
street_name_SERANGOON NTH AVE 1,5.153819474390531e-05
street_name_HOUGANG AVE 5,4.9293917675941046e-05
block_4B,4.301736091227859e-05
block_452A,3.4622761534652824e-05
block_251,2.9340975767011557e-05
block_623,2.67563687064154e-05
street_name_HOUGANG ST 31,2.314993951824107e-05
block_178C,1.4632351494014983e-05
block_968,1.1610123376248893e-05
block_460,1.0548409457467045e-05
block_221A,7.4083211096809265e-06
block_236A,1.9208192592046203e-06
street_name_MACPHERSON LANE,1.4311504441533174e-06
block_622C,0.0
block_618B,0.0
block_86,0.0
block_984A,0.0
block_984D,0.0
block_620,0.0
block_617A,0.0
block_985B,0.0
block_859,0.0
block_857,0.0
block_618,0.0
block_618A,0.0
block_862A,0.0
block_619A,0.0
block_619B,0.0
block_861,0.0
block_984C,0.0
block_61B,0.0
block_617C,0.0
block_61A,0.0
block_862,0.0
block_619C,0.0
block_856F,0.0
block_621,0.0
block_768,0.0
block_617,0.0
block_884,0.0
block_573,0.0
block_572,0.0
block_883,0.0
block_571,0.0
block_570B,0.0
block_570A,0.0
block_885,0.0
block_986A,0.0
block_568,0.0
block_894A,0.0
block_567,0.0
block_565,0.0
block_563,0.0
block_562,0.0
block_880,0.0
block_573A,0.0
block_88,0.0
block_894C,0.0
block_573C,0.0
block_879A,0.0
block_574,0.0
block_894D,0.0
block_878B,0.0
block_574B,0.0
block_878A,0.0
block_577,0.0
block_895B,0.0
block_58,0.0
block_877,0.0
block_581,0.0
block_876,0.0
block_894,0.0
block_561A,0.0
block_992A,0.0
block_549B,0.0
block_892A,0.0
block_542,0.0
block_893A,0.0
block_545,0.0
block_891A,0.0
block_546A,0.0
block_546C,0.0
block_893B,0.0
block_890A,0.0
block_889D,0.0
block_547C,0.0
block_547D,0.0
block_548B,0.0
block_549,0.0
block_889B,0.0
block_561,0.0
block_889,0.0
block_893C,0.0
block_997C,0.0
block_550B,0.0
block_893D,0.0
block_552,0.0
block_553,0.0
block_555,0.0
block_997B,0.0
block_996A,0.0
block_995C,0.0
block_992B,0.0
block_56,0.0
block_886D,0.0
block_583,0.0
block_584,0.0
block_875,0.0
block_612,0.0
block_867,0.0
block_897A,0.0
block_604,0.0
block_604A,0.0
block_866,0.0
block_604C,0.0
block_605,0.0
block_605C,0.0
block_606,0.0
block_897B,0.0
block_608,0.0
block_609,0.0
block_610,0.0
block_611,0.0
block_987C,0.0
block_867A,0.0
block_612C,0.0
block_897C,0.0
block_613,0.0
block_613A,0.0
block_898,0.0
block_613C,0.0
block_863A,0.0
block_614A,0.0
block_614B,0.0
block_615,0.0
block_615A,0.0
block_987B,0.0
block_987A,0.0
block_616,0.0
block_603A,0.0
block_603,0.0
block_586,0.0
block_871B,0.0
block_588,0.0
block_588A,0.0
block_874A,0.0
block_589,0.0
block_589A,0.0
block_871C,0.0
block_59,0.0
block_590A,0.0
block_989C,0.0
block_989B,0.0
block_988C,0.0
block_591A,0.0
block_592A,0.0
block_592C,0.0
block_596A,0.0
block_868,0.0
block_988A,0.0
block_596B,0.0
block_871A,0.0
block_59C,0.0
block_870,0.0
block_869B,0.0
block_5A,0.0
block_869A,0.0
block_601B,0.0
block_601C,0.0
block_601D,0.0
block_868C,0.0
block_868B,0.0
block_897,0.0
block_981D,0.0
block_96A,0.0
block_623A,0.0
block_694A,0.0
block_697A,0.0
block_697,0.0
block_93A,0.0
block_796,0.0
block_696,0.0
block_695,0.0
block_694D,0.0
block_694C,0.0
block_94,0.0
block_690D,0.0
block_940,0.0
block_912,0.0
block_692A,0.0
block_692,0.0
block_691D,0.0
block_691C,0.0
block_798,0.0
block_691,0.0
block_697C,0.0
block_698A,0.0
block_698B,0.0
block_698C,0.0
block_704,0.0
block_703,0.0
block_936,0.0
block_937,0.0
block_702,0.0
block_938,0.0
block_700B,0.0
block_70,0.0
block_788C,0.0
block_789,0.0
block_6A,0.0
block_790,0.0
block_791,0.0
block_792,0.0
block_793,0.0
block_698D,0.0
block_794,0.0
block_690E,0.0
block_79B,0.0
block_908,0.0
block_803B,0.0
block_687,0.0
block_946,0.0
block_686C,0.0
block_948,0.0
block_94B,0.0
block_803A,0.0
block_684C,0.0
block_950,0.0
block_803D,0.0
block_943,0.0
block_952,0.0
block_684,0.0
block_683D,0.0
block_804B,0.0
block_683B,0.0
block_805A,0.0
block_682D,0.0
block_805B,0.0
block_802A,0.0
block_687A,0.0
block_687B,0.0
block_687C,0.0
block_690,0.0
block_91,0.0
block_944,0.0
block_7A,0.0
block_689B,0.0
block_80,0.0
block_689,0.0
block_800,0.0
block_945,0.0
block_801,0.0
block_801A,0.0
block_801D,0.0
block_688D,0.0
block_688C,0.0
block_688B,0.0
block_688A,0.0
block_688,0.0
block_705,0.0
block_788,0.0
block_708,0.0
block_92B,0.0
block_757,0.0
block_756,0.0
block_755,0.0
block_754,0.0
block_753,0.0
block_922,0.0
block_780C,0.0
block_75,0.0
block_54,0.0
block_787D,0.0
block_74A,0.0
block_93,0.0
block_930,0.0
block_748A,0.0
block_780E,0.0
block_747C,0.0
block_747B,0.0
block_747A,0.0
block_758,0.0
block_929,0.0
block_780A,0.0
block_780,0.0
block_76A,0.0
block_767,0.0
block_770,0.0
block_765,0.0
block_771,0.0
block_764A,0.0
block_772,0.0
block_764,0.0
block_774,0.0
block_775,0.0
block_763,0.0
block_761,0.0
block_778,0.0
block_75B,0.0
block_779,0.0
block_75A,0.0
block_77A,0.0
block_920,0.0
block_747,0.0
block_780F,0.0
block_724,0.0
block_783B,0.0
block_933,0.0
block_917,0.0
block_916,0.0
block_784,0.0
block_784C,0.0
block_719,0.0
block_718,0.0
block_785,0.0
block_715,0.0
block_714,0.0
block_710,0.0
block_785B,0.0
block_785D,0.0
block_915,0.0
block_935,0.0
block_787,0.0
block_783,0.0
block_725,0.0
block_931,0.0
block_726,0.0
block_744,0.0
block_781,0.0
block_74,0.0
block_782,0.0
block_91A,0.0
block_73A,0.0
block_739,0.0
block_782E,0.0
block_735,0.0
block_932A,0.0
block_734,0.0
block_732,0.0
block_731,0.0
block_730,0.0
block_932B,0.0
block_918,0.0
block_729,0.0
block_682B,0.0
block_681D,0.0
block_623B,0.0
block_647,0.0
block_830A,0.0
block_834,0.0
block_836,0.0
block_974,0.0
block_649A,0.0
block_648D,0.0
block_837,0.0
block_648B,0.0
block_899A,0.0
block_641A,0.0
block_838,0.0
block_839,0.0
block_840,0.0
block_642B,0.0
block_642A,0.0
block_642,0.0
block_641C,0.0
block_975,0.0
block_650B,0.0
block_83,0.0
block_82B,0.0
block_651,0.0
block_657A,0.0
block_657,0.0
block_656D,0.0
block_656B,0.0
block_823,0.0
block_656,0.0
block_655B,0.0
block_824,0.0
block_826,0.0
block_827,0.0
block_653C,0.0
block_653B,0.0
block_829,0.0
block_653,0.0
block_652,0.0
block_651B,0.0
block_651A,0.0
block_641B,0.0
block_640,0.0
block_806,0.0
block_980A,0.0
block_632,0.0
block_979B,0.0
block_85,0.0
block_63,0.0
block_850,0.0
block_851,0.0
block_853,0.0
block_98,0.0
block_980B,0.0
block_64,0.0
block_628A,0.0
block_854,0.0
block_980D,0.0
block_981A,0.0
block_981B,0.0
block_624,0.0
block_981C,0.0
block_623C,0.0
block_632B,0.0
block_84A,0.0
block_633C,0.0
block_848,0.0
block_63B,0.0
block_639,0.0
block_842C,0.0
block_842E,0.0
block_842H,0.0
block_636B,0.0
block_636A,0.0
block_635C,0.0
block_635B,0.0
block_843,0.0
block_635A,0.0
block_634A,0.0
block_979,0.0
block_845,0.0
block_846,0.0
block_633D,0.0
block_847,0.0
block_822,0.0
block_658,0.0
block_970,0.0
block_673,0.0
block_956,0.0
block_80A,0.0
block_675A,0.0
block_80B,0.0
block_957,0.0
block_673C,0.0
block_673B,0.0
block_673A,0.0
block_672D,0.0
block_658C,0.0
block_810B,0.0
block_811,0.0
block_811B,0.0
block_672,0.0
block_812,0.0
block_671B,0.0
block_959,0.0
block_671A,0.0
block_809B,0.0
block_809A,0.0
block_809,0.0
block_676,0.0
block_681B,0.0
block_681A,0.0
block_681,0.0
block_680C,0.0
block_680,0.0
block_68,0.0
block_679A,0.0
block_808,0.0
block_678C,0.0
block_678B,0.0
block_678,0.0
block_677D,0.0
block_677C,0.0
block_808B,0.0
block_677A,0.0
block_676C,0.0
block_808D,0.0
block_95B,0.0
block_812A,0.0
block_670C,0.0
block_663D,0.0
block_965,0.0
block_663,0.0
block_818A,0.0
block_662B,0.0
block_818B,0.0
block_661D,0.0
block_966,0.0
block_661B,0.0
block_967,0.0
block_819,0.0
block_661,0.0
block_660A,0.0
block_82,0.0
block_969,0.0
block_820,0.0
block_659B,0.0
block_97,0.0
block_663C,0.0
block_817C,0.0
block_670B,0.0
block_817B,0.0
block_67,0.0
block_95C,0.0
block_669D,0.0
block_96,0.0
block_669A,0.0
block_669,0.0
block_814,0.0
block_815,0.0
block_667A,0.0
block_815C,0.0
block_667,0.0
block_665C,0.0
block_961,0.0
block_665,0.0
block_664D,0.0
block_816B,0.0
block_899C,0.0
block_892B,0.0
block_348D,0.0
block_539,0.0
block_140,0.0
block_138A,0.0
block_138,0.0
block_136,0.0
block_133,0.0
block_131B,0.0
block_131A,0.0
block_130A,0.0
block_12C,0.0
block_12B,0.0
block_12A,0.0
block_129A,0.0
block_129,0.0
block_128B,0.0
block_127C,0.0
block_126,0.0
block_124B,0.0
block_124A,0.0
block_123E,0.0
block_123B,0.0
block_123A,0.0
block_122E,0.0
block_122B,0.0
block_121D,0.0
block_121C,0.0
block_121B,0.0
block_121,0.0
block_120D,0.0
block_138B,0.0
block_140A,0.0
block_120A,0.0
block_142,0.0
block_17,0.0
block_169B,0.0
block_169A,0.0
block_169,0.0
block_168,0.0
block_167A,0.0
block_167,0.0
block_166B,0.0
block_166A,0.0
block_166,0.0
block_165B,0.0
block_165,0.0
block_164C,0.0
block_164,0.0
block_162B,0.0
block_162,0.0
block_161B,0.0
block_159A,0.0
block_158D,0.0
block_158C,0.0
block_158B,0.0
block_157D,0.0
block_157A,0.0
block_156,0.0
block_153,0.0
block_148,0.0
block_146,0.0
block_120B,0.0
block_119D,0.0
block_171,0.0
block_105B,0.0
block_105,0.0
block_104B,0.0
block_104,0.0
block_103C,0.0
block_103A,0.0
block_102D,0.0
block_102B,0.0
block_102,0.0
block_101B,0.0
block_100,0.0
block_10,0.0
storey_range_31 TO 33,0.0
street_name_YUNG LOH RD,0.0
street_name_YUNG AN RD,0.0
street_name_YISHUN ST 71,0.0
street_name_YISHUN ST 51,0.0
street_name_YISHUN ST 41,0.0
street_name_YISHUN ST 31,0.0
street_name_YISHUN ST 22,0.0
street_name_YISHUN ST 21,0.0
street_name_YISHUN CTRL 1,0.0
street_name_YISHUN CTRL,0.0
street_name_YISHUN AVE 5,0.0
street_name_YISHUN AVE 4,0.0
street_name_YISHUN AVE 3,0.0
street_name_YISHUN AVE 2,0.0
street_name_YISHUN AVE 11,0.0
block_105A,0.0
block_105C,0.0
block_118D,0.0
block_106A,0.0
block_118A,0.0
block_117B,0.0
block_116B,0.0
block_116A,0.0
block_115D,0.0
block_114,0.0
block_113B,0.0
block_113A,0.0
block_112B,0.0
block_112A,0.0
block_112,0.0
block_111B,0.0
block_110C,0.0
block_110A,0.0
block_110,0.0
block_10C,0.0
block_10B,0.0
block_109C,0.0
block_109A,0.0
block_109,0.0
block_108C,0.0
block_108,0.0
block_107D,0.0
block_107C,0.0
block_107A,0.0
block_106D,0.0
block_106B,0.0
block_170C,0.0
block_171C,0.0
street_name_WOODLANDS ST 82,0.0
block_219,0.0
block_218A,0.0
block_218,0.0
block_217A,0.0
block_216C,0.0
block_216A,0.0
block_216,0.0
block_215B,0.0
block_215A,0.0
block_215,0.0
block_214,0.0
block_212C,0.0
block_212B,0.0
block_211D,0.0
block_210A,0.0
block_209B,0.0
block_209,0.0
block_208B,0.0
block_208,0.0
block_207D,0.0
block_207C,0.0
block_207B,0.0
block_205C,0.0
block_204D,0.0
block_204,0.0
block_203C,0.0
block_203B,0.0
block_202,0.0
block_218B,0.0
block_219C,0.0
block_201D,0.0
block_220A,0.0
block_234,0.0
block_233C,0.0
block_233B,0.0
block_232A,0.0
block_232,0.0
block_231B,0.0
block_231A,0.0
block_230F,0.0
block_230C,0.0
block_23,0.0
block_229,0.0
block_228,0.0
block_227C,0.0
block_227B,0.0
block_227,0.0
block_226,0.0
block_225A,0.0
block_225,0.0
block_224C,0.0
block_224B,0.0
block_224A,0.0
block_223D,0.0
block_222A,0.0
block_222,0.0
block_221,0.0
block_220C,0.0
block_220B,0.0
block_201E,0.0
block_201C,0.0
block_173A,0.0
block_187B,0.0
block_186B,0.0
block_184C,0.0
block_184B,0.0
block_183D,0.0
block_183C,0.0
block_183B,0.0
block_183,0.0
block_182,0.0
block_181B,0.0
block_181,0.0
block_180D,0.0
block_180C,0.0
block_180,0.0
block_18,0.0
block_178D,0.0
block_178A,0.0
block_178,0.0
block_177,0.0
block_176D,0.0
block_176B,0.0
block_176A,0.0
block_176,0.0
block_175D,0.0
block_175A,0.0
block_175,0.0
block_174C,0.0
block_174A,0.0
block_187A,0.0
block_188,0.0
block_201B,0.0
block_188A,0.0
block_201A,0.0
block_200D,0.0
block_200B,0.0
block_200A,0.0
block_200,0.0
block_1F,0.0
block_1D,0.0
block_1C,0.0
block_199C,0.0
block_199B,0.0
block_199,0.0
block_197A,0.0
block_196C,0.0
block_196B,0.0
block_195E,0.0
block_195D,0.0
block_195B,0.0
block_195,0.0
block_194,0.0
block_192,0.0
block_190B,0.0
block_190,0.0
block_19,0.0
block_18C,0.0
block_18A,0.0
block_189B,0.0
block_189,0.0
street_name_WOODLANDS ST 83,0.0
street_name_WOODLANDS ST 41,0.0
block_235,0.0
street_name_GHIM MOH LINK,0.0
street_name_GEYLANG BAHRU,0.0
street_name_FRENCH RD,0.0
street_name_FERNVALE ST,0.0
street_name_FERNVALE LINK,0.0
street_name_FERNVALE LANE,0.0
street_name_FARRER PK RD,0.0
street_name_EUNOS RD 5,0.0
street_name_EMPRESS RD,0.0
street_name_EDGEFIELD PLAINS,0.0
street_name_EDGEDALE PLAINS,0.0
street_name_DOVER CRES,0.0
street_name_DOVER CL EAST,0.0
street_name_DEPOT RD,0.0
street_name_DELTA AVE,0.0
street_name_DAKOTA CRES,0.0
street_name_COMPASSVALE WALK,0.0
street_name_COMPASSVALE ST,0.0
street_name_COMPASSVALE DR,0.0
street_name_COMPASSVALE BOW,0.0
street_name_CLEMENTI ST 13,0.0
street_name_CLEMENTI ST 11,0.0
street_name_CLEMENTI AVE 4,0.0
street_name_CLEMENTI AVE 2,0.0
street_name_CHOA CHU KANG ST 64,0.0
street_name_CHOA CHU KANG ST 54,0.0
street_name_CHOA CHU KANG ST 51,0.0
street_name_CHOA CHU KANG NTH 6,0.0
street_name_GEYLANG EAST CTRL,0.0
street_name_HAVELOCK RD,0.0
street_name_CHOA CHU KANG LOOP,0.0
street_name_HENDERSON RD,0.0
street_name_JURONG EAST AVE 1,0.0
street_name_JOO SENG RD,0.0
street_name_JOO CHIAT RD,0.0
street_name_JLN TENAGA,0.0
street_name_JLN RUMAH TINGGI,0.0
street_name_JLN RAJAH,0.0
street_name_JLN MA'MOR,0.0
street_name_JLN KAYU,0.0
street_name_JLN BT MERAH,0.0
street_name_JLN BT HO SWEE,0.0
street_name_JLN BERSEH,0.0
street_name_JELEBU RD,0.0
street_name_JELAPANG RD,0.0
street_name_HOY FATT RD,0.0
street_name_HOUGANG ST 61,0.0
street_name_HOUGANG ST 52,0.0
street_name_HOUGANG ST 51,0.0
street_name_HOUGANG ST 32,0.0
street_name_HOUGANG ST 22,0.0
street_name_HOUGANG ST 21,0.0
street_name_HOUGANG ST 11,0.0
street_name_HOUGANG CTRL,0.0
street_name_HOUGANG AVE 9,0.0
street_name_HOUGANG AVE 8,0.0
street_name_HOUGANG AVE 3,0.0
street_name_HOLLAND CL,0.0
street_name_HOLLAND AVE,0.0
street_name_CHOA CHU KANG NTH 5,0.0
street_name_CHOA CHU KANG CTRL,0.0
street_name_JURONG EAST ST 32,0.0
street_name_BOON LAY AVE,0.0
street_name_BEDOK STH RD,0.0
street_name_BEDOK STH AVE 2,0.0
street_name_BEDOK STH AVE 1,0.0
street_name_BEDOK RESERVOIR CRES,0.0
street_name_BEDOK NTH ST 4,0.0
street_name_BEDOK NTH AVE 1,0.0
street_name_BEACH RD,0.0
street_name_BAIN ST,0.0
street_name_ANG MO KIO ST 51,0.0
street_name_ANG MO KIO ST 32,0.0
street_name_ANG MO KIO ST 31,0.0
street_name_ANG MO KIO ST 21,0.0
street_name_ANG MO KIO AVE 5,0.0
street_name_ANG MO KIO AVE 2,0.0
street_name_ANCHORVALE DR,0.0
street_name_ALJUNIED RD,0.0
street_name_AH HOOD RD,0.0
flat_model_Type S1,0.0
flat_model_Terrace,0.0
flat_model_Premium Maisonette,0.0
flat_model_Premium Apartment Loft,0.0
flat_model_Multi Generation,0.0
flat_model_3Gen,0.0
flat_type_MULTI-GENERATION,0.0
town_SERANGOON,0.0
town_HOUGANG,0.0
town_GEYLANG,0.0
street_name_BISHAN ST 11,0.0
street_name_BOON LAY PL,0.0
street_name_CHOA CHU KANG AVE 5,0.0
street_name_BRIGHT HILL DR,0.0
street_name_CHOA CHU KANG AVE 4,0.0
street_name_CHOA CHU KANG AVE 2,0.0
street_name_CHOA CHU KANG AVE 1,0.0
street_name_CHIN SWEE RD,0.0
street_name_CHANGI VILLAGE RD,0.0
street_name_CHAI CHEE ST,0.0
street_name_CANBERRA WALK,0.0
street_name_CANBERRA CRES,0.0
street_name_C'WEALTH CRES,0.0
street_name_C'WEALTH AVE,0.0
street_name_BUANGKOK CRES,0.0
street_name_BT MERAH LANE 1,0.0
street_name_BT BATOK WEST AVE 8,0.0
street_name_BT BATOK WEST AVE 7,0.0
street_name_BT BATOK WEST AVE 5,0.0
street_name_BT BATOK WEST AVE 2,0.0
street_name_BT BATOK ST 52,0.0
street_name_BT BATOK ST 51,0.0
street_name_BT BATOK ST 32,0.0
street_name_BT BATOK ST 31,0.0
street_name_BT BATOK ST 24,0.0
street_name_BT BATOK ST 21,0.0
street_name_BT BATOK ST 11,0.0
street_name_BT BATOK EAST AVE 6,0.0
street_name_BT BATOK EAST AVE 4,0.0
street_name_BT BATOK EAST AVE 3,0.0
street_name_BT BATOK CTRL,0.0
street_name_JURONG EAST ST 21,0.0
street_name_JURONG WEST AVE 1,0.0
street_name_WOODLANDS ST 32,0.0
street_name_TAO CHING RD,0.0
street_name_TAMPINES ST 91,0.0
street_name_TAMPINES ST 81,0.0
street_name_TAMPINES ST 72,0.0
street_name_TAMPINES ST 61,0.0
street_name_TAMPINES ST 44,0.0
street_name_TAMPINES ST 43,0.0
street_name_TAMPINES ST 42,0.0
street_name_TAMPINES ST 41,0.0
street_name_TAMPINES ST 34,0.0
street_name_TAMPINES ST 21,0.0
street_name_TAMPINES ST 12,0.0
street_name_TAMPINES CTRL 8,0.0
street_name_TAMPINES CTRL 1,0.0
street_name_TAMPINES AVE 8,0.0
street_name_TAMPINES AVE 1,0.0
street_name_TAMAN HO SWEE,0.0
street_name_TAH CHING RD,0.0
street_name_SUMANG WALK,0.0
street_name_SUMANG LANE,0.0
street_name_STRATHMORE AVE,0.0
street_name_ST. GEORGE'S RD,0.0
street_name_SIN MING RD,0.0
street_name_SIMS PL,0.0
street_name_SIMS AVE,0.0
street_name_SIMEI ST 4,0.0
street_name_SIMEI ST 2,0.0
street_name_SIMEI RD,0.0
street_name_TANGLIN HALT RD,0.0
street_name_TEBAN GDNS RD,0.0
street_name_SERANGOON NTH AVE 3,0.0
street_name_TECK WHYE CRES,0.0
street_name_WOODLANDS ST 31,0.0
street_name_WOODLANDS DR 73,0.0
street_name_WOODLANDS DR 71,0.0
street_name_WOODLANDS DR 70,0.0
street_name_WOODLANDS DR 62,0.0
street_name_WOODLANDS DR 53,0.0
street_name_WOODLANDS DR 42,0.0
street_name_WOODLANDS DR 40,0.0
street_name_WOODLANDS DR 14,0.0
street_name_WOODLANDS CRES,0.0
street_name_WOODLANDS CIRCLE,0.0
street_name_WOODLANDS AVE 6,0.0
street_name_WOODLANDS AVE 1,0.0
street_name_WHAMPOA RD,0.0
street_name_WEST COAST DR,0.0
street_name_WELLINGTON CIRCLE,0.0
street_name_UPP SERANGOON VIEW,0.0
street_name_UPP SERANGOON CRES,0.0
street_name_UPP CROSS ST,0.0
street_name_UBI AVE 1,0.0
street_name_TOWNER RD,0.0
street_name_TOA PAYOH NTH,0.0
street_name_TIONG BAHRU RD,0.0
street_name_TG PAGAR PLAZA,0.0
street_name_TESSENSOHN RD,0.0
street_name_TELOK BLANGAH DR,0.0
street_name_TECK WHYE LANE,0.0
street_name_SILAT AVE,0.0
street_name_SERANGOON AVE 2,0.0
street_name_JURONG WEST AVE 5,0.0
street_name_OWEN RD,0.0
street_name_NEW UPP CHANGI RD,0.0
street_name_NEW MKT RD,0.0
street_name_MONTREAL LINK,0.0
street_name_LOWER DELTA RD,0.0
street_name_LOR LIMAU,0.0
street_name_LOR AH SOO,0.0
street_name_LOR 6 TOA PAYOH,0.0
street_name_LOR 3 TOA PAYOH,0.0
street_name_LOR 3 GEYLANG,0.0
street_name_LIM LIAK ST,0.0
street_name_LENGKOK BAHRU,0.0
street_name_KRETA AYER RD,0.0
street_name_KLANG LANE,0.0
street_name_KIM TIAN PL,0.0
street_name_KIM PONG RD,0.0
street_name_KIM KEAT LINK,0.0
street_name_KIM CHENG ST,0.0
street_name_KENT RD,0.0
street_name_KEAT HONG CL,0.0
street_name_JURONG WEST ST 81,0.0
street_name_JURONG WEST ST 73,0.0
street_name_JURONG WEST ST 71,0.0
street_name_JURONG WEST ST 62,0.0
street_name_JURONG WEST ST 61,0.0
street_name_JURONG WEST ST 51,0.0
street_name_JURONG WEST ST 41,0.0
street_name_JURONG WEST CTRL 3,0.0
street_name_NTH BRIDGE RD,0.0
street_name_PASIR RIS DR 3,0.0
street_name_SERANGOON AVE 1,0.0
street_name_PASIR RIS DR 4,0.0
street_name_SENJA RD,0.0
street_name_SENGKANG EAST WAY,0.0
street_name_SENGKANG EAST RD,0.0
street_name_SENGKANG EAST AVE,0.0
street_name_SEMBAWANG WAY,0.0
street_name_SEMBAWANG CRES,0.0
street_name_ROWELL RD,0.0
street_name_RIVERVALE ST,0.0
street_name_RIVERVALE DR,0.0
street_name_REDHILL CL,0.0
street_name_QUEENSWAY,0.0
street_name_QUEEN'S RD,0.0
street_name_QUEEN ST,0.0
street_name_PUNGGOL RD,0.0
street_name_PUNGGOL EAST,0.0
street_name_PUNGGOL CTRL,0.0
street_name_POTONG PASIR AVE 1,0.0
street_name_PIPIT RD,0.0
street_name_PETIR RD,0.0
street_name_PAYA LEBAR WAY,0.0
street_name_PASIR RIS ST 72,0.0
street_name_PASIR RIS ST 71,0.0
street_name_PASIR RIS ST 53,0.0
street_name_PASIR RIS ST 52,0.0
street_name_PASIR RIS ST 12,0.0
street_name_PASIR RIS ST 11,0.0
street_name_PASIR RIS DR 6,0.0
block_234A,0.0
block_236,0.0
block_537,0.0
block_450F,0.0
block_450B,0.0
block_450,0.0
block_449A,0.0
block_448C,0.0
block_448A,0.0
block_448,0.0
block_446C,0.0
block_446B,0.0
block_446A,0.0
block_446,0.0
block_445A,0.0
block_445,0.0
block_443D,0.0
block_443B,0.0
block_443A,0.0
block_442D,0.0
block_442,0.0
block_441D,0.0
block_441C,0.0
block_440C,0.0
block_440B,0.0
block_440A,0.0
block_44,0.0
block_43A,0.0
block_438B,0.0
block_438A,0.0
block_438,0.0
block_450E,0.0
block_452B,0.0
block_436A,0.0
block_453A,0.0
block_470B,0.0
block_470A,0.0
block_470,0.0
block_47,0.0
block_469B,0.0
block_469A,0.0
block_469,0.0
block_468B,0.0
block_468,0.0
block_467,0.0
block_466D,0.0
block_466C,0.0
block_466B,0.0
block_466A,0.0
block_466,0.0
block_464,0.0
block_463C,0.0
block_463B,0.0
block_463,0.0
block_462C,0.0
block_462A,0.0
block_461A,0.0
block_457,0.0
block_455C,0.0
block_455,0.0
block_454,0.0
block_453D,0.0
block_436D,0.0
block_436,0.0
block_471C,0.0
block_408A,0.0
block_407B,0.0
block_407A,0.0
block_407,0.0
block_406A,0.0
block_405C,0.0
block_405,0.0
block_404B,0.0
block_404A,0.0
block_403C,0.0
block_403,0.0
block_40,0.0
block_3C,0.0
block_39A,0.0
block_397,0.0
block_396,0.0
block_395,0.0
block_394,0.0
block_390,0.0
block_39,0.0
block_38D,0.0
block_38B,0.0
block_38A,0.0
block_389,0.0
block_386,0.0
block_385,0.0
block_383,0.0
block_382,0.0
block_408,0.0
block_408B,0.0
block_435C,0.0
block_409A,0.0
block_435B,0.0
block_433B,0.0
block_433,0.0
block_432A,0.0
block_431C,0.0
block_431A,0.0
block_430B,0.0
block_429B,0.0
block_429A,0.0
block_429,0.0
block_428B,0.0
block_428A,0.0
block_427,0.0
block_426B,0.0
block_424B,0.0
block_424,0.0
block_420,0.0
block_418A,0.0
block_416A,0.0
block_416,0.0
block_415A,0.0
block_415,0.0
block_413B,0.0
block_413A,0.0
block_411A,0.0
block_411,0.0
block_410B,0.0
block_471A,0.0
block_472,0.0
block_38,0.0
block_513D,0.0
block_513B,0.0
block_513A,0.0
block_513,0.0
block_511C,0.0
block_510,0.0
block_509C,0.0
block_509B,0.0
block_508B,0.0
block_508A,0.0
block_508,0.0
block_507D,0.0
block_507B,0.0
block_506C,0.0
block_505C,0.0
block_505B,0.0
block_505A,0.0
block_505,0.0
block_504D,0.0
block_504C,0.0
block_504,0.0
block_503A,0.0
block_503,0.0
block_502D,0.0
block_502B,0.0
block_502A,0.0
block_502,0.0
block_501B,0.0
block_513C,0.0
block_516,0.0
block_499A,0.0
block_517A,0.0
block_536,0.0
block_535A,0.0
block_533,0.0
block_531,0.0
block_530C,0.0
block_529,0.0
block_528C,0.0
block_528,0.0
block_527B,0.0
block_526B,0.0
block_526A,0.0
block_526,0.0
block_525C,0.0
block_525B,0.0
block_524C,0.0
block_523D,0.0
block_523C,0.0
block_523B,0.0
block_522C,0.0
block_52,0.0
block_519D,0.0
block_519A,0.0
block_518D,0.0
block_518C,0.0
block_518A,0.0
block_517E,0.0
block_517D,0.0
block_4A,0.0
block_498H,0.0
block_472B,0.0
block_488C,0.0
block_488A,0.0
block_488,0.0
block_487C,0.0
block_487B,0.0
block_487A,0.0
block_486A,0.0
block_486,0.0
block_485D,0.0
block_485C,0.0
block_484D,0.0
block_484A,0.0
block_484,0.0
block_483,0.0
block_480,0.0
block_48,0.0
block_477C,0.0
block_477B,0.0
block_477,0.0
block_476B,0.0
block_476A,0.0
block_476,0.0
block_475C,0.0
block_473D,0.0
block_473C,0.0
block_473B,0.0
block_473,0.0
block_472C,0.0
block_488B,0.0
block_488D,0.0
block_498G,0.0
block_489B,0.0
block_498D,0.0
block_498B,0.0
block_497J,0.0
block_497G,0.0
block_497F,0.0
block_497C,0.0
block_497B,0.0
block_496D,0.0
block_496C,0.0
block_496B,0.0
block_494J,0.0
block_494C,0.0
block_493E,0.0
block_493D,0.0
block_493C,0.0
block_493B,0.0
block_493A,0.0
block_493,0.0
block_492C,0.0
block_492,0.0
block_491F,0.0
block_491C,0.0
block_491,0.0
block_490D,0.0
block_490C,0.0
block_490,0.0
block_49,0.0
block_381,0.0
block_377,0.0
block_239,0.0
block_29,0.0
block_28B,0.0
block_28A,0.0
block_289G,0.0
block_289D,0.0
block_289B,0.0
block_288G,0.0
block_288F,0.0
block_288D,0.0
block_288A,0.0
block_287A,0.0
block_286A,0.0
block_285D,0.0
block_285B,0.0
block_285A,0.0
block_284,0.0
block_283,0.0
block_281A,0.0
block_281,0.0
block_280,0.0
block_28,0.0
block_279C,0.0
block_279,0.0
block_278B,0.0
block_278,0.0
block_277C,0.0
block_277B,0.0
block_277A,0.0
block_28D,0.0
block_290E,0.0
block_276D,0.0
block_291,0.0
block_304A,0.0
block_304,0.0
block_303D,0.0
block_303C,0.0
block_303B,0.0
block_303,0.0
block_302D,0.0
block_302A,0.0
block_302,0.0
block_301D,0.0
block_301C,0.0
block_301,0.0
block_2D,0.0
block_29A,0.0
block_299C,0.0
block_299A,0.0
block_298C,0.0
block_298B,0.0
block_296B,0.0
block_296A,0.0
block_295C,0.0
block_293C,0.0
block_293B,0.0
block_293A,0.0
block_293,0.0
block_292A,0.0
block_291C,0.0
block_277,0.0
block_276C,0.0
block_305,0.0
block_265,0.0
block_263,0.0
block_262B,0.0
block_262A,0.0
block_261C,0.0
block_261A,0.0
block_260B,0.0
block_260,0.0
block_25B,0.0
block_25A,0.0
block_258D,0.0
block_258B,0.0
block_257A,0.0
block_256C,0.0
block_256A,0.0
block_254,0.0
block_252,0.0
block_250A,0.0
block_25,0.0
block_249,0.0
block_248,0.0
block_247,0.0
block_246,0.0
block_245,0.0
block_243,0.0
block_241,0.0
block_240,0.0
block_23B,0.0
block_264F,0.0
block_265C,0.0
block_276B,0.0
block_266,0.0
block_276A,0.0
block_276,0.0
block_275D,0.0
block_275C,0.0
block_275B,0.0
block_275A,0.0
block_274D,0.0
block_274B,0.0
block_274,0.0
block_273C,0.0
block_273A,0.0
block_272C,0.0
block_271A,0.0
block_270C,0.0
block_270B,0.0
block_270,0.0
block_27,0.0
block_26D,0.0
block_26C,0.0
block_26A,0.0
block_269C,0.0
block_268D,0.0
block_268B,0.0
block_267C,0.0
block_267B,0.0
block_267A,0.0
block_266C,0.0
block_304B,0.0
block_305A,0.0
block_376A,0.0
block_351B,0.0
block_350A,0.0
block_35,0.0
block_349,0.0
block_348B,0.0
block_347B,0.0
block_347,0.0
block_345,0.0
block_344,0.0
block_343,0.0
block_342C,0.0
block_341B,0.0
block_341A,0.0
block_340B,0.0
block_340,0.0
block_34,0.0
block_339D,0.0
block_338B,0.0
block_338A,0.0
block_337B,0.0
block_337,0.0
block_336D,0.0
block_336C,0.0
block_336B,0.0
block_336A,0.0
block_335C,0.0
block_335B,0.0
block_334,0.0
block_351,0.0
block_351C,0.0
block_332B,0.0
block_351D,0.0
block_374,0.0
block_372,0.0
block_369,0.0
block_365C,0.0
block_364,0.0
block_363B,0.0
block_363,0.0
block_362C,0.0
block_362A,0.0
block_361,0.0
block_360B,0.0
block_36,0.0
block_359B,0.0
block_357B,0.0
block_357,0.0
block_356C,0.0
block_356B,0.0
block_356,0.0
block_355A,0.0
block_355,0.0
block_354D,0.0
block_353C,0.0
block_353B,0.0
block_353A,0.0
block_353,0.0
block_352A,0.0
block_352,0.0
block_332C,0.0
block_331A,0.0
block_305B,0.0
block_316B,0.0
block_315C,0.0
block_315A,0.0
block_314D,0.0
block_314B,0.0
block_314,0.0
block_313D,0.0
block_313C,0.0
block_313B,0.0
block_312C,0.0
block_312A,0.0
block_312,0.0
block_311,0.0
block_310C,0.0
block_310A,0.0
block_310,0.0
block_31,0.0
block_30A,0.0
block_309A,0.0
block_308B,0.0
block_308,0.0
block_307C,0.0
block_307A,0.0
block_306D,0.0
block_306C,0.0
block_306B,0.0
block_306A,0.0
block_306,0.0
block_316A,0.0
block_317,0.0
block_331,0.0
block_317A,0.0
block_330B,0.0
block_330A,0.0
block_330,0.0
block_329,0.0
block_328,0.0
block_327B,0.0
block_327A,0.0
block_326C,0.0
block_326,0.0
block_325C,0.0
block_325B,0.0
block_324D,0.0
block_324,0.0
block_323C,0.0
block_323A,0.0
block_323,0.0
block_322C,0.0
block_322A,0.0
block_322,0.0
block_321B,0.0
block_321A,0.0
block_320,0.0
block_319B,0.0
block_319,0.0
block_318D,0.0
block_318B,0.0
block_317B,0.0
block_9B,0.0
